Sl.,ODL Flow Rule 1,ODL Flow Rule 2,Conflicting,Type of Conflict
1,"{""flow-node-inventory:flow"": [{""id"": ""1"", ""priority"": 200, ""table_id"": 0, ""hard-timeout"": 0, ""match"": {""ethernet-match"": {""ethernet-type"": {""type"": 2048}}, ""ipv4-destination"": ""10.0.0.4/32"", ""ipv4-source"": ""10.0.0.2/32""}, ""flow-name"": ""firewall_block_h1_to_h4"", ""instructions"": { ""instruction"": [{""order"": 0, ""apply-actions"": {""action"": [{""order"": 0, ""drop-action"": {}}]}}]}, ""idle-timeout"": 0}]}","{
            ""flow-node-inventory:flow"": [
                {
                    ""id"": ""1"",
                    ""priority"": 2,
                    ""table_id"": 0,
                    ""hard-timeout"": 0,
                    ""match"": {
                        ""ethernet-match"": {
                            ""ethernet-type"": {
                                ""type"": 2048
                            }
                        },
                        ""ipv4-destination"": ""10.0.0.3/32""
                    },
                    ""flow-name"": ""h3_ping"",
                    ""instructions"": {
                        ""instruction"": [
                            {
                                ""order"": 0,
                                ""apply-actions"": {
                                    ""action"": [
                                        {
                                            ""order"": 0,
                                            ""output-action"": {
                                                ""output-node-connector"": ""3""
                                            }
                                        }
                                    ]
                                }
                            }
                        ]
                    },
                    ""idle-timeout"": 0
                }
            ]
        }",No,
2,"{""flow-node-inventory:flow"": [{""id"": ""1"", ""priority"": 200, ""table_id"": 0, ""hard-timeout"": 0, ""match"": {""ethernet-match"": {""ethernet-type"": {""type"": 2048}}, ""ipv4-destination"": ""10.0.0.4/32"", ""ipv4-source"": ""10.0.0.2/32""}, ""flow-name"": ""firewall_block_h1_to_h4"", ""instructions"": { ""instruction"": [{""order"": 0, ""apply-actions"": {""action"": [{""order"": 0, ""drop-action"": {}}]}}]}, ""idle-timeout"": 0}]}","{
            ""flow-node-inventory:flow"": [
                {
                    ""id"": ""4"",
                    ""priority"": 2,
                    ""table_id"": 0,
                    ""hard-timeout"": 0,
                    ""match"": {
                        ""ethernet-match"": {
                            ""ethernet-type"": {
                                ""type"": 2048
                            }
                        },
                        ""ipv4-destination"": ""10.0.0.2/32""
                    },
                    ""flow-name"": ""h2_ping"",
                    ""instructions"": {
                        ""instruction"": [
                            {
                                ""order"": 0,
                                ""apply-actions"": {
                                    ""action"": [
                                        {
                                            ""order"": 0,
                                            ""output-action"": {
                                                ""output-node-connector"": ""1""
                                            }
                                        }
                                    ]
                                }
                            }
                        ]
                    },
                    ""idle-timeout"": 0
                }
            ]
        }",No,
3,"{""flow-node-inventory:flow"": [{""id"": ""1"", ""priority"": 200, ""table_id"": 0, ""hard-timeout"": 0, ""match"": {""ethernet-match"": {""ethernet-type"": {""type"": 2048}}, ""ipv4-destination"": ""10.0.0.4/32"", ""ipv4-source"": ""10.0.0.2/32""}, ""flow-name"": ""firewall_block_h1_to_h4"", ""instructions"": { ""instruction"": [{""order"": 0, ""apply-actions"": {""action"": [{""order"": 0, ""drop-action"": {}}]}}]}, ""idle-timeout"": 0}]}","{
            ""flow-node-inventory:flow"": [
                {
                    ""id"": ""5"",
                    ""priority"": 100,
                    ""table_id"": 0,
                    ""hard-timeout"": 0,
                    ""match"": {
                        ""ethernet-match"": {
                            ""ethernet-type"": {
                                ""type"": 2048
                            }
                        },
                        ""ipv4-destination"": ""10.0.0.1/32""
                    },
                    ""flow-name"": ""to_h1_Nonvideo"",
                    ""instructions"": {
                        ""instruction"": [
                            {
                                ""order"": 0,
                                ""apply-actions"": {
                                    ""action"": [
                                        {
                                            ""order"": 0,
                                            ""output-action"": {
                                                ""output-node-connector"": ""1""
                                            }
                                        }
                                    ]
                                }
                            }
                        ]
                    },
                    ""idle-timeout"": 0
                }
            ]
        }",No,
4,"{""flow-node-inventory:flow"": [{""id"": ""1"", ""priority"": 200, ""table_id"": 0, ""hard-timeout"": 0, ""match"": {""ethernet-match"": {""ethernet-type"": {""type"": 2048}}, ""ipv4-destination"": ""10.0.0.4/32"", ""ipv4-source"": ""10.0.0.2/32""}, ""flow-name"": ""firewall_block_h1_to_h4"", ""instructions"": { ""instruction"": [{""order"": 0, ""apply-actions"": {""action"": [{""order"": 0, ""drop-action"": {}}]}}]}, ""idle-timeout"": 0}]}","{
            ""flow-node-inventory:flow"": [
                {
                    ""id"": ""2"",
                    ""priority"": 2,
                    ""table_id"": 0,
                    ""hard-timeout"": 0,
                    ""match"": {
                        ""ethernet-match"": {
                            ""ethernet-type"": {
                                ""type"": 2048
                            }
                        },
                        ""ipv4-destination"": ""10.0.0.4/32""
                    },
                    ""flow-name"": ""h4_ping"",
                    ""instructions"": {
                        ""instruction"": [
                            {
                                ""order"": 0,
                                ""apply-actions"": {
                                    ""action"": [
                                        {
                                            ""order"": 0,
                                            ""output-action"": {
                                                ""output-node-connector"": ""4""
                                            }
                                        }
                                    ]
                                }
                            }
                        ]
                    },
                    ""idle-timeout"": 0
                }
            ]
        }",yes,Shadowing
5,"{""flow-node-inventory:flow"": [{""id"": ""1"", ""priority"": 200, ""table_id"": 0, ""hard-timeout"": 0, ""match"": {""ethernet-match"": {""ethernet-type"": {""type"": 2048}}, ""ipv4-destination"": ""10.0.0.4/32"", ""ipv4-source"": ""10.0.0.2/32""}, ""flow-name"": ""firewall_block_h1_to_h4"", ""instructions"": { ""instruction"": [{""order"": 0, ""apply-actions"": {""action"": [{""order"": 0, ""drop-action"": {}}]}}]}, ""idle-timeout"": 0}]}","{
            ""flow-node-inventory:flow"": [
                {
                    ""id"": ""3"",
                    ""priority"": 2,
                    ""table_id"": 0,
                    ""hard-timeout"": 0,
                    ""match"": {
                        ""ethernet-match"": {
                            ""ethernet-type"": {
                                ""type"": 2048
                            }
                        },
                        ""ipv4-destination"": ""10.0.0.1/32""
                    },
                    ""flow-name"": ""h1_ping"",
                    ""instructions"": {
                        ""instruction"": [
                            {
                                ""order"": 0,
                                ""apply-actions"": {
                                    ""action"": [
                                        {
                                            ""order"": 0,
                                            ""output-action"": {
                                                ""output-node-connector"": ""1""
                                            }
                                        }
                                    ]
                                }
                            }
                        ]
                    },
                    ""idle-timeout"": 0
                }
            ]
        }",No,
6,"{""flow-node-inventory:flow"": [{""id"": ""1"", ""priority"": 200, ""table_id"": 0, ""hard-timeout"": 0, ""match"": {""ethernet-match"": {""ethernet-type"": {""type"": 2048}}, ""ipv4-destination"": ""10.0.0.4/32"", ""ipv4-source"": ""10.0.0.2/32""}, ""flow-name"": ""firewall_block_h1_to_h4"", ""instructions"": { ""instruction"": [{""order"": 0, ""apply-actions"": {""action"": [{""order"": 0, ""drop-action"": {}}]}}]}, ""idle-timeout"": 0}]}","{
            ""flow-node-inventory:flow"": [
                {
                    ""id"": ""10"",
                    ""priority"": 200,
                    ""table_id"": 0,
                    ""flow-name"": ""tcp_port80_queue0_to_h1"",
                    ""instructions"": {
                        ""instruction"": [
                            {
                                ""order"": 0,
                                ""apply-actions"": {
                                    ""action"": [
                                        {
                                            ""order"": 0,
                                            ""set-queue-action"": {
                                                ""queue-id"": 0
                                            }
                                        },
                                        {
                                            ""order"": 1,
                                            ""output-action"": {
                                                ""output-node-connector"": ""2""
                                            }
                                        }
                                    ]
                                }
                            }
                        ]
                    },
                    ""match"": {
                        ""ethernet-match"": {
                            ""ethernet-type"": {
                                ""type"": 2048
                            }
                        },
                        ""ip-match"": {
                            ""ip-protocol"": 6
                        },
                        ""ipv4-destination"": ""10.0.0.1/32"",
                        ""tcp-destination-port"": 80
                    }
                }
            ]
        }",No,
7,"{""flow-node-inventory:flow"": [{""id"": ""1"", ""priority"": 200, ""table_id"": 0, ""hard-timeout"": 0, ""match"": {""ethernet-match"": {""ethernet-type"": {""type"": 2048}}, ""ipv4-destination"": ""10.0.0.4/32"", ""ipv4-source"": ""10.0.0.2/32""}, ""flow-name"": ""firewall_block_h1_to_h4"", ""instructions"": { ""instruction"": [{""order"": 0, ""apply-actions"": {""action"": [{""order"": 0, ""drop-action"": {}}]}}]}, ""idle-timeout"": 0}]}","{
            ""flow-node-inventory:flow"": [
                {
                    ""id"": ""9"",
                    ""priority"": 200,
                    ""table_id"": 0,
                    ""hard-timeout"": 0,
                    ""match"": {
                        ""ethernet-match"": {
                            ""ethernet-type"": {
                                ""type"": 2048
                            }
                        },
                        ""ipv4-destination"": ""10.0.0.4/32"",
                        ""ipv4-source"": ""10.0.0.1/32""
                    },
                    ""flow-name"": ""firewall_block_h1_to_h4"",
                    ""instructions"": {
                        ""instruction"": [
                            {
                                ""order"": 0,
                                ""apply-actions"": {
                                    ""action"": [
                                        {
                                            ""order"": 0,
                                            ""drop-action"": {}
                                        }
                                    ]
                                }
                            }
                        ]
                    },
                    ""idle-timeout"": 0
                }
            ]
        }",No,
8,"{""flow-node-inventory:flow"": [{""id"": ""1"", ""priority"": 200, ""table_id"": 0, ""hard-timeout"": 0, ""match"": {""ethernet-match"": {""ethernet-type"": {""type"": 2048}}, ""ipv4-destination"": ""10.0.0.4/32"", ""ipv4-source"": ""10.0.0.2/32""}, ""flow-name"": ""firewall_block_h1_to_h4"", ""instructions"": { ""instruction"": [{""order"": 0, ""apply-actions"": {""action"": [{""order"": 0, ""drop-action"": {}}]}}]}, ""idle-timeout"": 0}]}","{
            ""flow-node-inventory:flow"": [
                {
                    ""id"": ""6"",
                    ""priority"": 100,
                    ""table_id"": 0,
                    ""hard-timeout"": 0,
                    ""match"": {
                        ""ethernet-match"": {
                            ""ethernet-type"": {
                                ""type"": 2048
                            }
                        },
                        ""ipv4-destination"": ""10.0.0.2/32""
                    },
                    ""flow-name"": ""to_h2_Nonvideo"",
                    ""instructions"": {
                        ""instruction"": [
                            {
                                ""order"": 0,
                                ""apply-actions"": {
                                    ""action"": [
                                        {
                                            ""order"": 0,
                                            ""output-action"": {
                                                ""output-node-connector"": ""1""
                                            }
                                        }
                                    ]
                                }
                            }
                        ]
                    },
                    ""idle-timeout"": 0
                }
            ]
        }",No,
9,"{""flow-node-inventory:flow"": [{""id"": ""1"", ""priority"": 200, ""table_id"": 0, ""hard-timeout"": 0, ""match"": {""ethernet-match"": {""ethernet-type"": {""type"": 2048}}, ""ipv4-destination"": ""10.0.0.4/32"", ""ipv4-source"": ""10.0.0.2/32""}, ""flow-name"": ""firewall_block_h1_to_h4"", ""instructions"": { ""instruction"": [{""order"": 0, ""apply-actions"": {""action"": [{""order"": 0, ""drop-action"": {}}]}}]}, ""idle-timeout"": 0}]}","{
            ""flow-node-inventory:flow"": [
                {
                    ""id"": ""7"",
                    ""priority"": 110,
                    ""table_id"": 0,
                    ""hard-timeout"": 0,
                    ""match"": {
                        ""ethernet-match"": {
                            ""ethernet-type"": {
                                ""type"": 2048
                            }
                        },
                        ""ipv4-destination"": ""10.0.0.3/32""
                    },
                    ""flow-name"": ""to_h3"",
                    ""instructions"": {
                        ""instruction"": [
                            {
                                ""order"": 0,
                                ""apply-actions"": {
                                    ""action"": [
                                        {
                                            ""order"": 0,
                                            ""output-action"": {
                                                ""output-node-connector"": ""3""
                                            }
                                        }
                                    ]
                                }
                            }
                        ]
                    },
                    ""idle-timeout"": 0
                }
            ]
        }
    }",No,
10,"{""flow-node-inventory:flow"": [{""id"": ""1"", ""priority"": 198, ""table_id"": 0, ""flow-name"": ""udp_port80_queue1_to_h3"", ""instructions"": {""instruction"": [{""order"": 0, ""apply-actions"": {""action"": [{""order"": 0, ""set-queue-action"": {""queue-id"": 0}}, {""order"": 1, ""output-action"": { ""output-node-connector"": ""2""}}]}}]}, ""match"": {""ethernet-match"": {""ethernet-type"": {""type"": 2048}}, ""ip-match"": {""ip-protocol"": 17}, ""ipv4-destination"": ""10.0.0.3/32"", ""udp-destination-port"": 80}}]}","{
            ""flow-node-inventory:flow"": [
                {
                    ""id"": ""1"",
                    ""priority"": 102,
                    ""table_id"": 0,
                    ""hard-timeout"": 0,
                    ""match"": {
                        ""ethernet-match"": {
                            ""ethernet-type"": {
                                ""type"": 2048
                            }
                        },
                        ""ipv4-destination"": ""10.0.0.1/32""
                    },
                    ""flow-name"": ""h1_ping"",
                    ""instructions"": {
                        ""instruction"": [
                            {
                                ""order"": 0,
                                ""apply-actions"": {
                                    ""action"": [
                                        {
                                            ""order"": 0,
                                            ""output-action"": {
                                                ""output-node-connector"": ""3""
                                            }
                                        }
                                    ]
                                }
                            }
                        ]
                    },
                    ""idle-timeout"": 0
                }
            ]
        }",No,
11,"{""flow-node-inventory:flow"": [{""id"": ""1"", ""priority"": 198, ""table_id"": 0, ""flow-name"": ""udp_port80_queue1_to_h3"", ""instructions"": {""instruction"": [{""order"": 0, ""apply-actions"": {""action"": [{""order"": 0, ""set-queue-action"": {""queue-id"": 0}}, {""order"": 1, ""output-action"": { ""output-node-connector"": ""2""}}]}}]}, ""match"": {""ethernet-match"": {""ethernet-type"": {""type"": 2048}}, ""ip-match"": {""ip-protocol"": 17}, ""ipv4-destination"": ""10.0.0.3/32"", ""udp-destination-port"": 80}}]}","{
            ""flow-node-inventory:flow"": [
                {
                    ""id"": ""4"",
                    ""priority"": 102,
                    ""table_id"": 0,
                    ""hard-timeout"": 0,
                    ""match"": {
                        ""ethernet-match"": {
                            ""ethernet-type"": {
                                ""type"": 2048
                            }
                        },
                        ""ipv4-destination"": ""10.0.0.4/32""
                    },
                    ""flow-name"": ""h4_ping"",
                    ""instructions"": {
                        ""instruction"": [
                            {
                                ""order"": 0,
                                ""apply-actions"": {
                                    ""action"": [
                                        {
                                            ""order"": 0,
                                            ""output-action"": {
                                                ""output-node-connector"": ""1""
                                            }
                                        }
                                    ]
                                }
                            }
                        ]
                    },
                    ""idle-timeout"": 0
                }
            ]
        }",No,
12,"{""flow-node-inventory:flow"": [{""id"": ""1"", ""priority"": 198, ""table_id"": 0, ""flow-name"": ""udp_port80_queue1_to_h3"", ""instructions"": {""instruction"": [{""order"": 0, ""apply-actions"": {""action"": [{""order"": 0, ""set-queue-action"": {""queue-id"": 0}}, {""order"": 1, ""output-action"": { ""output-node-connector"": ""2""}}]}}]}, ""match"": {""ethernet-match"": {""ethernet-type"": {""type"": 2048}}, ""ip-match"": {""ip-protocol"": 17}, ""ipv4-destination"": ""10.0.0.3/32"", ""udp-destination-port"": 80}}]}","{
            ""flow-node-inventory:flow"": [
                {
                    ""id"": ""5"",
                    ""priority"": 110,
                    ""table_id"": 0,
                    ""hard-timeout"": 0,
                    ""match"": {
                        ""ethernet-match"": {
                            ""ethernet-type"": {
                                ""type"": 2048
                            }
                        },
                        ""ipv4-destination"": ""10.0.0.1/32""
                    },
                    ""flow-name"": ""to_h1"",
                    ""instructions"": {
                        ""instruction"": [
                            {
                                ""order"": 0,
                                ""apply-actions"": {
                                    ""action"": [
                                        {
                                            ""order"": 0,
                                            ""output-action"": {
                                                ""output-node-connector"": ""3""
                                            }
                                        }
                                    ]
                                }
                            }
                        ]
                    },
                    ""idle-timeout"": 0
                }
            ]
        }",No,
13,"{""flow-node-inventory:flow"": [{""id"": ""1"", ""priority"": 198, ""table_id"": 0, ""flow-name"": ""udp_port80_queue1_to_h3"", ""instructions"": {""instruction"": [{""order"": 0, ""apply-actions"": {""action"": [{""order"": 0, ""set-queue-action"": {""queue-id"": 0}}, {""order"": 1, ""output-action"": { ""output-node-connector"": ""2""}}]}}]}, ""match"": {""ethernet-match"": {""ethernet-type"": {""type"": 2048}}, ""ip-match"": {""ip-protocol"": 17}, ""ipv4-destination"": ""10.0.0.3/32"", ""udp-destination-port"": 80}}]}","{
            ""flow-node-inventory:flow"": [
                {
                    ""id"": ""2"",
                    ""priority"": 102,
                    ""table_id"": 0,
                    ""hard-timeout"": 0,
                    ""match"": {
                        ""ethernet-match"": {
                            ""ethernet-type"": {
                                ""type"": 2048
                            }
                        },
                        ""ipv4-destination"": ""10.0.0.2/32""
                    },
                    ""flow-name"": ""h2_ping"",
                    ""instructions"": {
                        ""instruction"": [
                            {
                                ""order"": 0,
                                ""apply-actions"": {
                                    ""action"": [
                                        {
                                            ""order"": 0,
                                            ""output-action"": {
                                                ""output-node-connector"": ""4""
                                            }
                                        }
                                    ]
                                }
                            }
                        ]
                    },
                    ""idle-timeout"": 0
                }
            ]
        }",No,
14,"{""flow-node-inventory:flow"": [{""id"": ""1"", ""priority"": 198, ""table_id"": 0, ""flow-name"": ""udp_port80_queue1_to_h3"", ""instructions"": {""instruction"": [{""order"": 0, ""apply-actions"": {""action"": [{""order"": 0, ""set-queue-action"": {""queue-id"": 0}}, {""order"": 1, ""output-action"": { ""output-node-connector"": ""2""}}]}}]}, ""match"": {""ethernet-match"": {""ethernet-type"": {""type"": 2048}}, ""ip-match"": {""ip-protocol"": 17}, ""ipv4-destination"": ""10.0.0.3/32"", ""udp-destination-port"": 80}}]}","{
            ""flow-node-inventory:flow"": [
                {
                    ""id"": ""3"",
                    ""priority"": 102,
                    ""table_id"": 0,
                    ""hard-timeout"": 0,
                    ""match"": {
                        ""ethernet-match"": {
                            ""ethernet-type"": {
                                ""type"": 2048
                            }
                        },
                        ""ipv4-destination"": ""10.0.0.3/32""
                    },
                    ""flow-name"": ""h3_ping"",
                    ""instructions"": {
                        ""instruction"": [
                            {
                                ""order"": 0,
                                ""apply-actions"": {
                                    ""action"": [
                                        {
                                            ""order"": 0,
                                            ""output-action"": {
                                                ""output-node-connector"": ""1""
                                            }
                                        }
                                    ]
                                }
                            }
                        ]
                    },
                    ""idle-timeout"": 0
                }
            ]
        }",yes,Imbrication
15,"{""flow-node-inventory:flow"": [{""id"": ""1"", ""priority"": 198, ""table_id"": 0, ""flow-name"": ""udp_port80_queue1_to_h3"", ""instructions"": {""instruction"": [{""order"": 0, ""apply-actions"": {""action"": [{""order"": 0, ""set-queue-action"": {""queue-id"": 0}}, {""order"": 1, ""output-action"": { ""output-node-connector"": ""2""}}]}}]}, ""match"": {""ethernet-match"": {""ethernet-type"": {""type"": 2048}}, ""ip-match"": {""ip-protocol"": 17}, ""ipv4-destination"": ""10.0.0.3/32"", ""udp-destination-port"": 80}}]}","{
            ""flow-node-inventory:flow"": [
                {
                    ""id"": ""8"",
                    ""priority"": 100,
                    ""table_id"": 0,
                    ""hard-timeout"": 0,
                    ""match"": {
                        ""ethernet-match"": {
                            ""ethernet-type"": {
                                ""type"": 2048
                            }
                        },
                        ""ipv4-destination"": ""10.0.0.4/32""
                    },
                    ""flow-name"": ""h4_Nonvideo"",
                    ""instructions"": {
                        ""instruction"": [
                            {
                                ""order"": 0,
                                ""apply-actions"": {
                                    ""action"": [
                                        {
                                            ""order"": 0,
                                            ""output-action"": {
                                                ""output-node-connector"": ""1""
                                            }
                                        }
                                    ]
                                }
                            }
                        ]
                    },
                    ""idle-timeout"": 0
                }
            ]
        }",No,
16,"{""flow-node-inventory:flow"": [{""id"": ""1"", ""priority"": 198, ""table_id"": 0, ""flow-name"": ""udp_port80_queue1_to_h3"", ""instructions"": {""instruction"": [{""order"": 0, ""apply-actions"": {""action"": [{""order"": 0, ""set-queue-action"": {""queue-id"": 0}}, {""order"": 1, ""output-action"": { ""output-node-connector"": ""2""}}]}}]}, ""match"": {""ethernet-match"": {""ethernet-type"": {""type"": 2048}}, ""ip-match"": {""ip-protocol"": 17}, ""ipv4-destination"": ""10.0.0.3/32"", ""udp-destination-port"": 80}}]}","{
            ""flow-node-inventory:flow"": [
                {
                    ""id"": ""6"",
                    ""priority"": 110,
                    ""table_id"": 0,
                    ""hard-timeout"": 0,
                    ""match"": {
                        ""ethernet-match"": {
                            ""ethernet-type"": {
                                ""type"": 2048
                            }
                        },
                        ""ipv4-destination"": ""10.0.0.2/32""
                    },
                    ""flow-name"": ""to_h2"",
                    ""instructions"": {
                        ""instruction"": [
                            {
                                ""order"": 0,
                                ""apply-actions"": {
                                    ""action"": [
                                        {
                                            ""order"": 0,
                                            ""output-action"": {
                                                ""output-node-connector"": ""4""
                                            }
                                        }
                                    ]
                                }
                            }
                        ]
                    },
                    ""idle-timeout"": 0
                }
            ]
        }",No,
17,"{""flow-node-inventory:flow"": [{""id"": ""1"", ""priority"": 198, ""table_id"": 0, ""flow-name"": ""udp_port80_queue1_to_h3"", ""instructions"": {""instruction"": [{""order"": 0, ""apply-actions"": {""action"": [{""order"": 0, ""set-queue-action"": {""queue-id"": 0}}, {""order"": 1, ""output-action"": { ""output-node-connector"": ""2""}}]}}]}, ""match"": {""ethernet-match"": {""ethernet-type"": {""type"": 2048}}, ""ip-match"": {""ip-protocol"": 17}, ""ipv4-destination"": ""10.0.0.3/32"", ""udp-destination-port"": 80}}]}","{
            ""flow-node-inventory:flow"": [
                {
                    ""id"": ""9"",
                    ""priority"": 200,
                    ""table_id"": 0,
                    ""flow-name"": ""tcp_port80_queue0_to_h3"",
                    ""instructions"": {
                        ""instruction"": [
                            {
                                ""order"": 0,
                                ""apply-actions"": {
                                    ""action"": [
                                        {
                                            ""order"": 0,
                                            ""set-queue-action"": {
                                                ""queue-id"": 0
                                            }
                                        },
                                        {
                                            ""order"": 1,
                                            ""output-action"": {
                                                ""output-node-connector"": ""2""
                                            }
                                        }
                                    ]
                                }
                            }
                        ]
                    },
                    ""match"": {
                        ""ethernet-match"": {
                            ""ethernet-type"": {
                                ""type"": 2048
                            }
                        },
                        ""ip-match"": {
                            ""ip-protocol"": 6
                        },
                        ""ipv4-destination"": ""10.0.0.3/32"",
                        ""tcp-destination-port"": 80
                    }
                }
            ]
        }",yes,Imbrication
18,"{""flow-node-inventory:flow"": [{""id"": ""1"", ""priority"": 300, ""table_id"": 0, ""flow-name"": ""port1_to_port2_tcp_port80_queue0"", ""instructions"": {""instruction"": [{""order"": 0, ""apply-actions"": { ""action"": [{""order"": 0, ""set-queue-action"": { ""queue-id"": 0}}, {""order"": 1, ""output-action"": { ""output-node-connector"": ""2""}}]}}]}, ""match"": {""ethernet-match"": {""ethernet-type"": {""type"": 2048}}, ""ip-match"": {""ip-protocol"": 6}, ""tcp-destination-port"": 80, ""in-port"": ""1""}}]}","{""flow-node-inventory:flow"": [{""id"": ""1"", ""priority"": 200, ""table_id"": 0, ""flow-name"": ""tcp_port80_queue0_to_h3"", ""instructions"": {""instruction"": [{""order"": 0, ""apply-actions"": {""action"": [{""order"": 0, ""set-queue-action"": {""queue-id"": 0}}, {""order"": 1, ""output-action"": { ""output-node-connector"": ""2""}}]}}]}, ""match"": {""ethernet-match"": {""ethernet-type"": {""type"": 2048}}, ""ip-match"": {""ip-protocol"": 6}, ""tcp-destination-port"": 80, ""in-port"": ""1""}}]}",yes,Redundancy
19,"{""flow-node-inventory:flow"": [{""id"": ""1"", ""priority"": 300, ""table_id"": 0, ""flow-name"": ""port1_to_port2_tcp_port80_queue0"", ""instructions"": {""instruction"": [{""order"": 0, ""apply-actions"": { ""action"": [{""order"": 0, ""set-queue-action"": { ""queue-id"": 0}}, {""order"": 1, ""output-action"": { ""output-node-connector"": ""2""}}]}}]}, ""match"": {""ethernet-match"": {""ethernet-type"": {""type"": 2048}}, ""ip-match"": {""ip-protocol"": 6}, ""tcp-destination-port"": 80, ""in-port"": ""1""}}]}","{""flow-node-inventory:flow"": [{""id"": ""1"", ""priority"": 205, ""table_id"": 0, ""flow-name"": ""tcp_port80_queue0_to_h1"", ""instructions"": {""instruction"": [{""order"": 0, ""apply-actions"": {""action"": [{""order"": 0, ""set-queue-action"": {""queue-id"": 0}}, {""order"": 1, ""output-action"": { ""output-node-connector"": ""1""}}]}}]}, ""match"": {""ethernet-match"": {""ethernet-type"": {""type"": 2048}}, ""ip-match"": {""ip-protocol"": 6}, ""tcp-destination-port"": 80, ""in-port"": ""2""}}]}",No,
20,"{""flow-node-inventory:flow"": [{""id"": ""1"", ""priority"": 300, ""table_id"": 0, ""flow-name"": ""port1_to_port2_tcp_port80_queue0"", ""instructions"": {""instruction"": [{""order"": 0, ""apply-actions"": { ""action"": [{""order"": 0, ""set-queue-action"": { ""queue-id"": 0}}, {""order"": 1, ""output-action"": { ""output-node-connector"": ""2""}}]}}]}, ""match"": {""ethernet-match"": {""ethernet-type"": {""type"": 2048}}, ""ip-match"": {""ip-protocol"": 6}, ""tcp-destination-port"": 80, ""in-port"": ""1""}}]}","{""flow-node-inventory:flow"": [{""id"": ""1"", ""priority"": 200, ""table_id"": 0, ""flow-name"": ""tcp_port80_queue0_to_h3"", ""instructions"": {""instruction"": [{""order"": 0, ""apply-actions"": {""action"": [{""order"": 0, ""set-queue-action"": {""queue-id"": 1}}, {""order"": 1, ""output-action"": { ""output-node-connector"": ""2""}}]}}]}, ""match"": {""ethernet-match"": {""ethernet-type"": {""type"": 2048}}, ""ip-match"": {""ip-protocol"": 17}, ""udp-destination-port"": 80, ""in-port"": ""1""}}]}",No,
21,"{""flow-node-inventory:flow"": [{""id"": ""1"", ""priority"": 300, ""table_id"": 0, ""flow-name"": ""port1_to_port2_tcp_port80_queue0"", ""instructions"": {""instruction"": [{""order"": 0, ""apply-actions"": { ""action"": [{""order"": 0, ""set-queue-action"": { ""queue-id"": 0}}, {""order"": 1, ""output-action"": { ""output-node-connector"": ""2""}}]}}]}, ""match"": {""ethernet-match"": {""ethernet-type"": {""type"": 2048}}, ""ip-match"": {""ip-protocol"": 6}, ""tcp-destination-port"": 80, ""in-port"": ""1""}}]}","{""flow-node-inventory:flow"": [{""id"": ""1"", ""priority"": 205, ""table_id"": 0, ""flow-name"": ""tcp_port80_queue0_to_h1"", ""instructions"": {""instruction"": [{""order"": 0, ""apply-actions"": {""action"": [{""order"": 0, ""set-queue-action"": {""queue-id"": 1}}, {""order"": 1, ""output-action"": { ""output-node-connector"": ""1""}}]}}]}, ""match"": {""ethernet-match"": {""ethernet-type"": {""type"": 2048}}, ""ip-match"": {""ip-protocol"": 17}, ""udp-destination-port"": 80, ""in-port"": ""2""}}]}",No,
22,"{""flow-node-inventory:flow"": [{""id"": ""1"", ""priority"": 300, ""table_id"": 0, ""flow-name"": ""port1_to_port2_tcp_port80_queue0"", ""instructions"": {""instruction"": [{""order"": 0, ""apply-actions"": { ""action"": [{""order"": 0, ""set-queue-action"": { ""queue-id"": 1}}, {""order"": 1, ""output-action"": { ""output-node-connector"": ""2""}}]}}]}, ""match"": {""ethernet-match"": {""ethernet-type"": {""type"": 2048}}, ""ip-match"": {""ip-protocol"": 17}, ""udp-destination-port"": 80, ""in-port"": ""1""}}]}","{""flow-node-inventory:flow"": [{""id"": ""1"", ""priority"": 200, ""table_id"": 0, ""flow-name"": ""tcp_port80_queue0_to_h3"", ""instructions"": {""instruction"": [{""order"": 0, ""apply-actions"": {""action"": [{""order"": 0, ""set-queue-action"": {""queue-id"": 0}}, {""order"": 1, ""output-action"": { ""output-node-connector"": ""2""}}]}}]}, ""match"": {""ethernet-match"": {""ethernet-type"": {""type"": 2048}}, ""ip-match"": {""ip-protocol"": 6}, ""tcp-destination-port"": 80, ""in-port"": ""1""}}]}",No,
23,"{""flow-node-inventory:flow"": [{""id"": ""1"", ""priority"": 300, ""table_id"": 0, ""flow-name"": ""port1_to_port2_tcp_port80_queue0"", ""instructions"": {""instruction"": [{""order"": 0, ""apply-actions"": { ""action"": [{""order"": 0, ""set-queue-action"": { ""queue-id"": 1}}, {""order"": 1, ""output-action"": { ""output-node-connector"": ""2""}}]}}]}, ""match"": {""ethernet-match"": {""ethernet-type"": {""type"": 2048}}, ""ip-match"": {""ip-protocol"": 17}, ""udp-destination-port"": 80, ""in-port"": ""1""}}]}","{""flow-node-inventory:flow"": [{""id"": ""1"", ""priority"": 205, ""table_id"": 0, ""flow-name"": ""tcp_port80_queue0_to_h1"", ""instructions"": {""instruction"": [{""order"": 0, ""apply-actions"": {""action"": [{""order"": 0, ""set-queue-action"": {""queue-id"": 0}}, {""order"": 1, ""output-action"": { ""output-node-connector"": ""1""}}]}}]}, ""match"": {""ethernet-match"": {""ethernet-type"": {""type"": 2048}}, ""ip-match"": {""ip-protocol"": 6}, ""tcp-destination-port"": 80, ""in-port"": ""2""}}]}",No,
24,"{""flow-node-inventory:flow"": [{""id"": ""1"", ""priority"": 300, ""table_id"": 0, ""flow-name"": ""port1_to_port2_tcp_port80_queue0"", ""instructions"": {""instruction"": [{""order"": 0, ""apply-actions"": { ""action"": [{""order"": 0, ""set-queue-action"": { ""queue-id"": 1}}, {""order"": 1, ""output-action"": { ""output-node-connector"": ""2""}}]}}]}, ""match"": {""ethernet-match"": {""ethernet-type"": {""type"": 2048}}, ""ip-match"": {""ip-protocol"": 17}, ""udp-destination-port"": 80, ""in-port"": ""1""}}]}","{""flow-node-inventory:flow"": [{""id"": ""1"", ""priority"": 200, ""table_id"": 0, ""flow-name"": ""tcp_port80_queue0_to_h3"", ""instructions"": {""instruction"": [{""order"": 0, ""apply-actions"": {""action"": [{""order"": 0, ""set-queue-action"": {""queue-id"": 1}}, {""order"": 1, ""output-action"": { ""output-node-connector"": ""2""}}]}}]}, ""match"": {""ethernet-match"": {""ethernet-type"": {""type"": 2048}}, ""ip-match"": {""ip-protocol"": 17}, ""udp-destination-port"": 80, ""in-port"": ""1""}}]}",yes,Redundancy
25,"{""flow-node-inventory:flow"": [{""id"": ""1"", ""priority"": 300, ""table_id"": 0, ""flow-name"": ""port1_to_port2_tcp_port80_queue0"", ""instructions"": {""instruction"": [{""order"": 0, ""apply-actions"": { ""action"": [{""order"": 0, ""set-queue-action"": { ""queue-id"": 1}}, {""order"": 1, ""output-action"": { ""output-node-connector"": ""2""}}]}}]}, ""match"": {""ethernet-match"": {""ethernet-type"": {""type"": 2048}}, ""ip-match"": {""ip-protocol"": 17}, ""udp-destination-port"": 80, ""in-port"": ""1""}}]}","{""flow-node-inventory:flow"": [{""id"": ""1"", ""priority"": 205, ""table_id"": 0, ""flow-name"": ""tcp_port80_queue0_to_h1"", ""instructions"": {""instruction"": [{""order"": 0, ""apply-actions"": {""action"": [{""order"": 0, ""set-queue-action"": {""queue-id"": 1}}, {""order"": 1, ""output-action"": { ""output-node-connector"": ""1""}}]}}]}, ""match"": {""ethernet-match"": {""ethernet-type"": {""type"": 2048}}, ""ip-match"": {""ip-protocol"": 17}, ""udp-destination-port"": 80, ""in-port"": ""2""}}]}",No,
26,"{""flow-node-inventory:flow"": [{""id"": ""1"", ""priority"": 300, ""table_id"": 0, ""flow-name"": ""port1_to_port2_tcp_port80_queue0"", ""instructions"": {""instruction"": [{""order"": 0, ""apply-actions"": { ""action"": [{""order"": 0, ""set-queue-action"": { ""queue-id"": 0}}, {""order"": 1, ""output-action"": { ""output-node-connector"": ""3""}}]}}]}, ""match"": {""ethernet-match"": {""ethernet-type"": {""type"": 2048}}, ""ip-match"": {""ip-protocol"": 6}, ""tcp-destination-port"": 80, ""in-port"": ""2""}}]}","{""flow-node-inventory:flow"": [{""id"": ""1"", ""priority"": 200, ""table_id"": 0, ""flow-name"": ""tcp_port80_queue0_to_h3"", ""instructions"": {""instruction"": [{""order"": 0, ""apply-actions"": {""action"": [{""order"": 0, ""set-queue-action"": {""queue-id"": 0}}, {""order"": 1, ""output-action"": { ""output-node-connector"": ""2""}}]}}]}, ""match"": {""ethernet-match"": {""ethernet-type"": {""type"": 2048}}, ""ip-match"": {""ip-protocol"": 6}, ""tcp-destination-port"": 80, ""in-port"": ""1""}}]}",No,
27,"{""flow-node-inventory:flow"": [{""id"": ""1"", ""priority"": 300, ""table_id"": 0, ""flow-name"": ""port1_to_port2_tcp_port80_queue0"", ""instructions"": {""instruction"": [{""order"": 0, ""apply-actions"": { ""action"": [{""order"": 0, ""set-queue-action"": { ""queue-id"": 0}}, {""order"": 1, ""output-action"": { ""output-node-connector"": ""3""}}]}}]}, ""match"": {""ethernet-match"": {""ethernet-type"": {""type"": 2048}}, ""ip-match"": {""ip-protocol"": 6}, ""tcp-destination-port"": 80, ""in-port"": ""2""}}]}","{""flow-node-inventory:flow"": [{""id"": ""1"", ""priority"": 205, ""table_id"": 0, ""flow-name"": ""tcp_port80_queue0_to_h1"", ""instructions"": {""instruction"": [{""order"": 0, ""apply-actions"": {""action"": [{""order"": 0, ""set-queue-action"": {""queue-id"": 0}}, {""order"": 1, ""output-action"": { ""output-node-connector"": ""1""}}]}}]}, ""match"": {""ethernet-match"": {""ethernet-type"": {""type"": 2048}}, ""ip-match"": {""ip-protocol"": 6}, ""tcp-destination-port"": 80, ""in-port"": ""2""}}]}",Yes,Correlation
28,"{""flow-node-inventory:flow"": [{""id"": ""1"", ""priority"": 300, ""table_id"": 0, ""flow-name"": ""port1_to_port2_tcp_port80_queue0"", ""instructions"": {""instruction"": [{""order"": 0, ""apply-actions"": { ""action"": [{""order"": 0, ""set-queue-action"": { ""queue-id"": 0}}, {""order"": 1, ""output-action"": { ""output-node-connector"": ""3""}}]}}]}, ""match"": {""ethernet-match"": {""ethernet-type"": {""type"": 2048}}, ""ip-match"": {""ip-protocol"": 6}, ""tcp-destination-port"": 80, ""in-port"": ""2""}}]}","{""flow-node-inventory:flow"": [{""id"": ""1"", ""priority"": 200, ""table_id"": 0, ""flow-name"": ""tcp_port80_queue0_to_h3"", ""instructions"": {""instruction"": [{""order"": 0, ""apply-actions"": {""action"": [{""order"": 0, ""set-queue-action"": {""queue-id"": 1}}, {""order"": 1, ""output-action"": { ""output-node-connector"": ""2""}}]}}]}, ""match"": {""ethernet-match"": {""ethernet-type"": {""type"": 2048}}, ""ip-match"": {""ip-protocol"": 17}, ""udp-destination-port"": 80, ""in-port"": ""1""}}]}",No,
29,"{""flow-node-inventory:flow"": [{""id"": ""1"", ""priority"": 300, ""table_id"": 0, ""flow-name"": ""port1_to_port2_tcp_port80_queue0"", ""instructions"": {""instruction"": [{""order"": 0, ""apply-actions"": { ""action"": [{""order"": 0, ""set-queue-action"": { ""queue-id"": 0}}, {""order"": 1, ""output-action"": { ""output-node-connector"": ""3""}}]}}]}, ""match"": {""ethernet-match"": {""ethernet-type"": {""type"": 2048}}, ""ip-match"": {""ip-protocol"": 6}, ""tcp-destination-port"": 80, ""in-port"": ""2""}}]}","{""flow-node-inventory:flow"": [{""id"": ""1"", ""priority"": 205, ""table_id"": 0, ""flow-name"": ""tcp_port80_queue0_to_h1"", ""instructions"": {""instruction"": [{""order"": 0, ""apply-actions"": {""action"": [{""order"": 0, ""set-queue-action"": {""queue-id"": 1}}, {""order"": 1, ""output-action"": { ""output-node-connector"": ""1""}}]}}]}, ""match"": {""ethernet-match"": {""ethernet-type"": {""type"": 2048}}, ""ip-match"": {""ip-protocol"": 17}, ""udp-destination-port"": 80, ""in-port"": ""2""}}]}",No,
30,"{""flow-node-inventory:flow"": [{""id"": ""1"", ""priority"": 300, ""table_id"": 0, ""flow-name"": ""port1_to_port2_tcp_port80_queue0"", ""instructions"": {""instruction"": [{""order"": 0, ""apply-actions"": { ""action"": [{""order"": 0, ""set-queue-action"": { ""queue-id"": 1}}, {""order"": 1, ""output-action"": { ""output-node-connector"": ""1""}}]}}]}, ""match"": {""ethernet-match"": {""ethernet-type"": {""type"": 2048}}, ""ip-match"": {""ip-protocol"": 17}, ""udp-destination-port"": 80, ""in-port"": ""2""}}]}","{""flow-node-inventory:flow"": [{""id"": ""1"", ""priority"": 200, ""table_id"": 0, ""flow-name"": ""tcp_port80_queue0_to_h3"", ""instructions"": {""instruction"": [{""order"": 0, ""apply-actions"": {""action"": [{""order"": 0, ""set-queue-action"": {""queue-id"": 0}}, {""order"": 1, ""output-action"": { ""output-node-connector"": ""2""}}]}}]}, ""match"": {""ethernet-match"": {""ethernet-type"": {""type"": 2048}}, ""ip-match"": {""ip-protocol"": 6}, ""tcp-destination-port"": 80, ""in-port"": ""1""}}]}",No,
31,"{""flow-node-inventory:flow"": [{""id"": ""1"", ""priority"": 300, ""table_id"": 0, ""flow-name"": ""port1_to_port2_tcp_port80_queue0"", ""instructions"": {""instruction"": [{""order"": 0, ""apply-actions"": { ""action"": [{""order"": 0, ""set-queue-action"": { ""queue-id"": 1}}, {""order"": 1, ""output-action"": { ""output-node-connector"": ""1""}}]}}]}, ""match"": {""ethernet-match"": {""ethernet-type"": {""type"": 2048}}, ""ip-match"": {""ip-protocol"": 17}, ""udp-destination-port"": 80, ""in-port"": ""2""}}]}","{""flow-node-inventory:flow"": [{""id"": ""1"", ""priority"": 205, ""table_id"": 0, ""flow-name"": ""tcp_port80_queue0_to_h1"", ""instructions"": {""instruction"": [{""order"": 0, ""apply-actions"": {""action"": [{""order"": 0, ""set-queue-action"": {""queue-id"": 0}}, {""order"": 1, ""output-action"": { ""output-node-connector"": ""1""}}]}}]}, ""match"": {""ethernet-match"": {""ethernet-type"": {""type"": 2048}}, ""ip-match"": {""ip-protocol"": 6}, ""tcp-destination-port"": 80, ""in-port"": ""2""}}]}",No,
32,"{""flow-node-inventory:flow"": [{""id"": ""1"", ""priority"": 300, ""table_id"": 0, ""flow-name"": ""port1_to_port2_tcp_port80_queue0"", ""instructions"": {""instruction"": [{""order"": 0, ""apply-actions"": { ""action"": [{""order"": 0, ""set-queue-action"": { ""queue-id"": 1}}, {""order"": 1, ""output-action"": { ""output-node-connector"": ""1""}}]}}]}, ""match"": {""ethernet-match"": {""ethernet-type"": {""type"": 2048}}, ""ip-match"": {""ip-protocol"": 17}, ""udp-destination-port"": 80, ""in-port"": ""2""}}]}","{""flow-node-inventory:flow"": [{""id"": ""1"", ""priority"": 200, ""table_id"": 0, ""flow-name"": ""tcp_port80_queue0_to_h3"", ""instructions"": {""instruction"": [{""order"": 0, ""apply-actions"": {""action"": [{""order"": 0, ""set-queue-action"": {""queue-id"": 1}}, {""order"": 1, ""output-action"": { ""output-node-connector"": ""2""}}]}}]}, ""match"": {""ethernet-match"": {""ethernet-type"": {""type"": 2048}}, ""ip-match"": {""ip-protocol"": 17}, ""udp-destination-port"": 80, ""in-port"": ""1""}}]}",No,
33,"{""flow-node-inventory:flow"": [{""id"": ""1"", ""priority"": 300, ""table_id"": 0, ""flow-name"": ""port1_to_port2_tcp_port80_queue0"", ""instructions"": {""instruction"": [{""order"": 0, ""apply-actions"": { ""action"": [{""order"": 0, ""set-queue-action"": { ""queue-id"": 1}}, {""order"": 1, ""output-action"": { ""output-node-connector"": ""1""}}]}}]}, ""match"": {""ethernet-match"": {""ethernet-type"": {""type"": 2048}}, ""ip-match"": {""ip-protocol"": 17}, ""udp-destination-port"": 80, ""in-port"": ""2""}}]}","{""flow-node-inventory:flow"": [{""id"": ""1"", ""priority"": 205, ""table_id"": 0, ""flow-name"": ""tcp_port80_queue0_to_h1"", ""instructions"": {""instruction"": [{""order"": 0, ""apply-actions"": {""action"": [{""order"": 0, ""set-queue-action"": {""queue-id"": 1}}, {""order"": 1, ""output-action"": { ""output-node-connector"": ""1""}}]}}]}, ""match"": {""ethernet-match"": {""ethernet-type"": {""type"": 2048}}, ""ip-match"": {""ip-protocol"": 17}, ""udp-destination-port"": 80, ""in-port"": ""2""}}]}",yes,Redundancy
34,"{""flow-node-inventory:flow"": [{""id"": ""1"", ""priority"": 300, ""table_id"": 0, ""flow-name"": ""port1_to_port2_tcp_port80_queue0"", ""instructions"": {""instruction"": [{""order"": 0, ""apply-actions"": { ""action"": [{""order"": 0, ""set-queue-action"": { ""queue-id"": 0}}, {""order"": 1, ""output-action"": { ""output-node-connector"": ""1""}}]}}]}, ""match"": {""ethernet-match"": {""ethernet-type"": {""type"": 2048}}, ""ip-match"": {""ip-protocol"": 6}, ""tcp-destination-port"": 80, ""in-port"": ""2""}}]}","{""flow-node-inventory:flow"": [{""id"": ""1"", ""priority"": 200, ""table_id"": 0, ""flow-name"": ""tcp_port80_queue0_to_h3"", ""instructions"": {""instruction"": [{""order"": 0, ""apply-actions"": {""action"": [{""order"": 0, ""set-queue-action"": {""queue-id"": 0}}, {""order"": 1, ""output-action"": { ""output-node-connector"": ""2""}}]}}]}, ""match"": {""ethernet-match"": {""ethernet-type"": {""type"": 2048}}, ""ip-match"": {""ip-protocol"": 6}, ""tcp-destination-port"": 80, ""in-port"": ""1""}}]}",No,
35,"{""flow-node-inventory:flow"": [{""id"": ""1"", ""priority"": 300, ""table_id"": 0, ""flow-name"": ""port1_to_port2_tcp_port80_queue0"", ""instructions"": {""instruction"": [{""order"": 0, ""apply-actions"": { ""action"": [{""order"": 0, ""set-queue-action"": { ""queue-id"": 0}}, {""order"": 1, ""output-action"": { ""output-node-connector"": ""1""}}]}}]}, ""match"": {""ethernet-match"": {""ethernet-type"": {""type"": 2048}}, ""ip-match"": {""ip-protocol"": 6}, ""tcp-destination-port"": 80, ""in-port"": ""2""}}]}","{""flow-node-inventory:flow"": [{""id"": ""1"", ""priority"": 205, ""table_id"": 0, ""flow-name"": ""tcp_port80_queue0_to_h1"", ""instructions"": {""instruction"": [{""order"": 0, ""apply-actions"": {""action"": [{""order"": 0, ""set-queue-action"": {""queue-id"": 1}}, {""order"": 1, ""output-action"": { ""output-node-connector"": ""1""}}]}}]}, ""match"": {""ethernet-match"": {""ethernet-type"": {""type"": 2048}}, ""ip-match"": {""ip-protocol"": 6}, ""tcp-destination-port"": 80, ""in-port"": ""2""}}]}",Yes,Correlation
36,"{""flow-node-inventory:flow"": [{""id"": ""1"", ""priority"": 300, ""table_id"": 0, ""flow-name"": ""port1_to_port2_tcp_port80_queue0"", ""instructions"": {""instruction"": [{""order"": 0, ""apply-actions"": { ""action"": [{""order"": 0, ""set-queue-action"": { ""queue-id"": 0}}, {""order"": 1, ""output-action"": { ""output-node-connector"": ""1""}}]}}]}, ""match"": {""ethernet-match"": {""ethernet-type"": {""type"": 2048}}, ""ip-match"": {""ip-protocol"": 6}, ""tcp-destination-port"": 80, ""in-port"": ""2""}}]}","{""flow-node-inventory:flow"": [{""id"": ""1"", ""priority"": 200, ""table_id"": 0, ""flow-name"": ""tcp_port80_queue0_to_h3"", ""instructions"": {""instruction"": [{""order"": 0, ""apply-actions"": {""action"": [{""order"": 0, ""set-queue-action"": {""queue-id"": 1}}, {""order"": 1, ""output-action"": { ""output-node-connector"": ""2""}}]}}]}, ""match"": {""ethernet-match"": {""ethernet-type"": {""type"": 2048}}, ""ip-match"": {""ip-protocol"": 17}, ""udp-destination-port"": 80, ""in-port"": ""1""}}]}",No,
37,"{""flow-node-inventory:flow"": [{""id"": ""1"", ""priority"": 300, ""table_id"": 0, ""flow-name"": ""port1_to_port2_tcp_port80_queue0"", ""instructions"": {""instruction"": [{""order"": 0, ""apply-actions"": { ""action"": [{""order"": 0, ""set-queue-action"": { ""queue-id"": 0}}, {""order"": 1, ""output-action"": { ""output-node-connector"": ""1""}}]}}]}, ""match"": {""ethernet-match"": {""ethernet-type"": {""type"": 2048}}, ""ip-match"": {""ip-protocol"": 6}, ""tcp-destination-port"": 80, ""in-port"": ""2""}}]}","{""flow-node-inventory:flow"": [{""id"": ""1"", ""priority"": 205, ""table_id"": 0, ""flow-name"": ""tcp_port80_queue0_to_h1"", ""instructions"": {""instruction"": [{""order"": 0, ""apply-actions"": {""action"": [{""order"": 0, ""set-queue-action"": {""queue-id"": 1}}, {""order"": 1, ""output-action"": { ""output-node-connector"": ""1""}}]}}]}, ""match"": {""ethernet-match"": {""ethernet-type"": {""type"": 2048}}, ""ip-match"": {""ip-protocol"": 17}, ""udp-destination-port"": 80, ""in-port"": ""2""}}]}",No,
38,"{""flow-node-inventory:flow"": [{""id"": ""1"", ""priority"": 2, ""table_id"": 0, ""flow-name"": ""flow1"", ""hard-timeout"": 0, ""idle-timeout"": 0, ""match"": {""in-port"": ""1""}, ""instructions"": {""instruction"": [{""order"": 0, ""apply-actions"": {""action"": [{""order"": 0, ""output-action"": {""output-node-connector"": ""3""}}]}}]}}]}","{
            ""flow-node-inventory:flow"": [
                {
                    ""id"": ""1"",
                    ""priority"": 2,
                    ""table_id"": 0,
                    ""hard-timeout"": 0,
                    ""match"": {
                        ""in-port"": ""1""
                    },
                    ""flow-name"": ""flow1"",
                    ""instructions"": {
                        ""instruction"": [
                            {
                                ""order"": 0,
                                ""apply-actions"": {
                                    ""action"": [
                                        {
                                            ""order"": 0,
                                            ""output-action"": {
                                                ""output-node-connector"": ""2""
                                            }
                                        }
                                    ]
                                }
                            }
                        ]
                    },
                    ""idle-timeout"": 0
                }
            ]
        }",Yes,Correlation
39,"{""flow-node-inventory:flow"": [{""id"": ""1"", ""priority"": 2, ""table_id"": 0, ""flow-name"": ""flow1"", ""hard-timeout"": 0, ""idle-timeout"": 0, ""match"": {""in-port"": ""1""}, ""instructions"": {""instruction"": [{""order"": 0, ""apply-actions"": {""action"": [{""order"": 0, ""output-action"": {""output-node-connector"": ""3""}}]}}]}}]}","{
            ""flow-node-inventory:flow"": [
                {
                    ""id"": ""2"",
                    ""priority"": 2,
                    ""table_id"": 0,
                    ""hard-timeout"": 0,
                    ""match"": {
                        ""in-port"": ""2""
                    },
                    ""flow-name"": ""flow2"",
                    ""instructions"": {
                        ""instruction"": [
                            {
                                ""order"": 0,
                                ""apply-actions"": {
                                    ""action"": [
                                        {
                                            ""order"": 0,
                                            ""output-action"": {
                                                ""output-node-connector"": ""1""
                                            }
                                        }
                                    ]
                                }
                            }
                        ]
                    },
                    ""idle-timeout"": 0
                }
            ]
        }
    }",No,
40,"{ ""flow-node-inventory:flow"": [ { ""id"": ""1111"", ""priority"": 200, ""table_id"": 0, ""hard-timeout"": 0, ""match"": { ""in-port"": ""2"", ""ethernet-match"": { ""ethernet-type"": { ""type"": 2048 } }, ""ipv4-destination"": ""10.0.0.1/32"" }, ""flow-name"": ""flow1111"", ""instructions"": { ""instruction"": [ { ""order"": 0, ""apply-actions"": { ""action"": [ { ""order"": 0, ""output-action"": { ""output-node-connector"": ""4"" } } ] } } ] }, ""idle-timeout"": 0 } ]}","{
            ""flow-node-inventory:flow"": [
                {
                    ""id"": ""1"",
                    ""priority"": 2,
                    ""table_id"": 0,
                    ""hard-timeout"": 0,
                    ""match"": {
                        ""in-port"": ""1""
                    },
                    ""flow-name"": ""flow1"",
                    ""instructions"": {
                        ""instruction"": [
                            {
                                ""order"": 0,
                                ""apply-actions"": {
                                    ""action"": [
                                        {
                                            ""order"": 0,
                                            ""output-action"": {
                                                ""output-node-connector"": ""2""
                                            }
                                        }
                                    ]
                                }
                            }
                        ]
                    },
                    ""idle-timeout"": 0
                }
            ]
        }",No,
41,"{ ""flow-node-inventory:flow"": [ { ""id"": ""1111"", ""priority"": 200, ""table_id"": 0, ""hard-timeout"": 0, ""match"": { ""in-port"": ""2"", ""ethernet-match"": { ""ethernet-type"": { ""type"": 2048 } }, ""ipv4-destination"": ""10.0.0.1/32"" }, ""flow-name"": ""flow1111"", ""instructions"": { ""instruction"": [ { ""order"": 0, ""apply-actions"": { ""action"": [ { ""order"": 0, ""output-action"": { ""output-node-connector"": ""4"" } } ] } } ] }, ""idle-timeout"": 0 } ]}","{
            ""flow-node-inventory:flow"": [
                {
                    ""id"": ""2"",
                    ""priority"": 2,
                    ""table_id"": 0,
                    ""hard-timeout"": 0,
                    ""match"": {
                        ""in-port"": ""2""
                    },
                    ""flow-name"": ""flow2"",
                    ""instructions"": {
                        ""instruction"": [
                            {
                                ""order"": 0,
                                ""apply-actions"": {
                                    ""action"": [
                                        {
                                            ""order"": 0,
                                            ""output-action"": {
                                                ""output-node-connector"": ""1""
                                            }
                                        }
                                    ]
                                }
                            }
                        ]
                    },
                    ""idle-timeout"": 0
                }
            ]
        }
    }",yes,Generalization
42,"{""flow-node-inventory:flow"": [{""id"": ""1"", ""priority"": 102, ""table_id"": 0, ""flow-name"": ""h1_h4"", ""hard-timeout"": 0, ""idle-timeout"": 0, ""match"": {""ethernet-match"": {""ethernet-type"": {""type"": 2048}}, ""ipv4-source"": ""10.0.0.1/32"", ""ipv4-destination"": ""10.0.0.4/32""}, ""instructions"": {""instruction"": [{""order"": 0, ""apply-actions"": {""action"": [{""order"": 0, ""output-action"": {""output-node-connector"": ""4""}}]}}]}}]}","{
            ""flow-node-inventory:flow"": [
                {
                    ""id"": ""1"",
                    ""priority"": 2,
                    ""table_id"": 0,
                    ""hard-timeout"": 0,
                    ""match"": {
                        ""ethernet-match"": {
                            ""ethernet-type"": {
                                ""type"": 2048
                            }
                        },
                        ""ipv4-destination"": ""10.0.0.3/32""
                    },
                    ""flow-name"": ""h3_ping"",
                    ""instructions"": {
                        ""instruction"": [
                            {
                                ""order"": 0,
                                ""apply-actions"": {
                                    ""action"": [
                                        {
                                            ""order"": 0,
                                            ""output-action"": {
                                                ""output-node-connector"": ""3""
                                            }
                                        }
                                    ]
                                }
                            }
                        ]
                    },
                    ""idle-timeout"": 0
                }
            ]
        }",No,
43,"{""flow-node-inventory:flow"": [{""id"": ""1"", ""priority"": 102, ""table_id"": 0, ""flow-name"": ""h1_h4"", ""hard-timeout"": 0, ""idle-timeout"": 0, ""match"": {""ethernet-match"": {""ethernet-type"": {""type"": 2048}}, ""ipv4-source"": ""10.0.0.1/32"", ""ipv4-destination"": ""10.0.0.4/32""}, ""instructions"": {""instruction"": [{""order"": 0, ""apply-actions"": {""action"": [{""order"": 0, ""output-action"": {""output-node-connector"": ""4""}}]}}]}}]}","{
            ""flow-node-inventory:flow"": [
                {
                    ""id"": ""4"",
                    ""priority"": 2,
                    ""table_id"": 0,
                    ""hard-timeout"": 0,
                    ""match"": {
                        ""ethernet-match"": {
                            ""ethernet-type"": {
                                ""type"": 2048
                            }
                        },
                        ""ipv4-destination"": ""10.0.0.2/32""
                    },
                    ""flow-name"": ""h2_ping"",
                    ""instructions"": {
                        ""instruction"": [
                            {
                                ""order"": 0,
                                ""apply-actions"": {
                                    ""action"": [
                                        {
                                            ""order"": 0,
                                            ""output-action"": {
                                                ""output-node-connector"": ""1""
                                            }
                                        }
                                    ]
                                }
                            }
                        ]
                    },
                    ""idle-timeout"": 0
                }
            ]
        }",No,
44,"{""flow-node-inventory:flow"": [{""id"": ""1"", ""priority"": 102, ""table_id"": 0, ""flow-name"": ""h1_h4"", ""hard-timeout"": 0, ""idle-timeout"": 0, ""match"": {""ethernet-match"": {""ethernet-type"": {""type"": 2048}}, ""ipv4-source"": ""10.0.0.1/32"", ""ipv4-destination"": ""10.0.0.4/32""}, ""instructions"": {""instruction"": [{""order"": 0, ""apply-actions"": {""action"": [{""order"": 0, ""output-action"": {""output-node-connector"": ""4""}}]}}]}}]}","{
            ""flow-node-inventory:flow"": [
                {
                    ""id"": ""5"",
                    ""priority"": 100,
                    ""table_id"": 0,
                    ""hard-timeout"": 0,
                    ""match"": {
                        ""ethernet-match"": {
                            ""ethernet-type"": {
                                ""type"": 2048
                            }
                        },
                        ""ipv4-destination"": ""10.0.0.1/32""
                    },
                    ""flow-name"": ""to_h1_Nonvideo"",
                    ""instructions"": {
                        ""instruction"": [
                            {
                                ""order"": 0,
                                ""apply-actions"": {
                                    ""action"": [
                                        {
                                            ""order"": 0,
                                            ""output-action"": {
                                                ""output-node-connector"": ""1""
                                            }
                                        }
                                    ]
                                }
                            }
                        ]
                    },
                    ""idle-timeout"": 0
                }
            ]
        }",No,
45,"{""flow-node-inventory:flow"": [{""id"": ""1"", ""priority"": 102, ""table_id"": 0, ""flow-name"": ""h1_h4"", ""hard-timeout"": 0, ""idle-timeout"": 0, ""match"": {""ethernet-match"": {""ethernet-type"": {""type"": 2048}}, ""ipv4-source"": ""10.0.0.1/32"", ""ipv4-destination"": ""10.0.0.4/32""}, ""instructions"": {""instruction"": [{""order"": 0, ""apply-actions"": {""action"": [{""order"": 0, ""output-action"": {""output-node-connector"": ""4""}}]}}]}}]}","{
            ""flow-node-inventory:flow"": [
                {
                    ""id"": ""2"",
                    ""priority"": 2,
                    ""table_id"": 0,
                    ""hard-timeout"": 0,
                    ""match"": {
                        ""ethernet-match"": {
                            ""ethernet-type"": {
                                ""type"": 2048
                            }
                        },
                        ""ipv4-destination"": ""10.0.0.4/32""
                    },
                    ""flow-name"": ""h4_ping"",
                    ""instructions"": {
                        ""instruction"": [
                            {
                                ""order"": 0,
                                ""apply-actions"": {
                                    ""action"": [
                                        {
                                            ""order"": 0,
                                            ""output-action"": {
                                                ""output-node-connector"": ""4""
                                            }
                                        }
                                    ]
                                }
                            }
                        ]
                    },
                    ""idle-timeout"": 0
                }
            ]
        }",yes,Redundancy
46,"{""flow-node-inventory:flow"": [{""id"": ""1"", ""priority"": 102, ""table_id"": 0, ""flow-name"": ""h1_h4"", ""hard-timeout"": 0, ""idle-timeout"": 0, ""match"": {""ethernet-match"": {""ethernet-type"": {""type"": 2048}}, ""ipv4-source"": ""10.0.0.1/32"", ""ipv4-destination"": ""10.0.0.4/32""}, ""instructions"": {""instruction"": [{""order"": 0, ""apply-actions"": {""action"": [{""order"": 0, ""output-action"": {""output-node-connector"": ""4""}}]}}]}}]}","{
            ""flow-node-inventory:flow"": [
                {
                    ""id"": ""3"",
                    ""priority"": 2,
                    ""table_id"": 0,
                    ""hard-timeout"": 0,
                    ""match"": {
                        ""ethernet-match"": {
                            ""ethernet-type"": {
                                ""type"": 2048
                            }
                        },
                        ""ipv4-destination"": ""10.0.0.1/32""
                    },
                    ""flow-name"": ""h1_ping"",
                    ""instructions"": {
                        ""instruction"": [
                            {
                                ""order"": 0,
                                ""apply-actions"": {
                                    ""action"": [
                                        {
                                            ""order"": 0,
                                            ""output-action"": {
                                                ""output-node-connector"": ""1""
                                            }
                                        }
                                    ]
                                }
                            }
                        ]
                    },
                    ""idle-timeout"": 0
                }
            ]
        }",No,
47,"{""flow-node-inventory:flow"": [{""id"": ""1"", ""priority"": 102, ""table_id"": 0, ""flow-name"": ""h1_h4"", ""hard-timeout"": 0, ""idle-timeout"": 0, ""match"": {""ethernet-match"": {""ethernet-type"": {""type"": 2048}}, ""ipv4-source"": ""10.0.0.1/32"", ""ipv4-destination"": ""10.0.0.4/32""}, ""instructions"": {""instruction"": [{""order"": 0, ""apply-actions"": {""action"": [{""order"": 0, ""output-action"": {""output-node-connector"": ""4""}}]}}]}}]}","{
            ""flow-node-inventory:flow"": [
                {
                    ""id"": ""10"",
                    ""priority"": 200,
                    ""table_id"": 0,
                    ""flow-name"": ""tcp_port80_queue0_to_h1"",
                    ""instructions"": {
                        ""instruction"": [
                            {
                                ""order"": 0,
                                ""apply-actions"": {
                                    ""action"": [
                                        {
                                            ""order"": 0,
                                            ""set-queue-action"": {
                                                ""queue-id"": 0
                                            }
                                        },
                                        {
                                            ""order"": 1,
                                            ""output-action"": {
                                                ""output-node-connector"": ""2""
                                            }
                                        }
                                    ]
                                }
                            }
                        ]
                    },
                    ""match"": {
                        ""ethernet-match"": {
                            ""ethernet-type"": {
                                ""type"": 2048
                            }
                        },
                        ""ip-match"": {
                            ""ip-protocol"": 6
                        },
                        ""ipv4-destination"": ""10.0.0.1/32"",
                        ""tcp-destination-port"": 80
                    }
                }
            ]
        }",No,
48,"{""flow-node-inventory:flow"": [{""id"": ""1"", ""priority"": 502, ""table_id"": 0, ""flow-name"": ""h1_h4"", ""hard-timeout"": 0, ""idle-timeout"": 0, ""match"": {""ethernet-match"": {""ethernet-type"": {""type"": 2048}}, ""ipv4-destination"": ""10.0.0.4/32""}, ""instructions"": {""instruction"": [{""order"": 0, ""apply-actions"": {""action"": [{""order"": 0, ""output-action"": {""output-node-connector"": ""4""}}]}}]}}]}","{
            ""flow-node-inventory:flow"": [
                {
                    ""id"": ""9"",
                    ""priority"": 200,
                    ""table_id"": 0,
                    ""hard-timeout"": 0,
                    ""match"": {
                        ""ethernet-match"": {
                            ""ethernet-type"": {
                                ""type"": 2048
                            }
                        },
                        ""ipv4-destination"": ""10.0.0.4/32"",
                        ""ipv4-source"": ""10.0.0.1/32""
                    },
                    ""flow-name"": ""firewall_block_h1_to_h4"",
                    ""instructions"": {
                        ""instruction"": [
                            {
                                ""order"": 0,
                                ""apply-actions"": {
                                    ""action"": [
                                        {
                                            ""order"": 0,
                                            ""drop-action"": {}
                                        }
                                    ]
                                }
                            }
                        ]
                    },
                    ""idle-timeout"": 0
                }
            ]
        }",Yes,Shadowing
49,"{""flow-node-inventory:flow"": [{""id"": ""1"", ""priority"": 102, ""table_id"": 0, ""flow-name"": ""h1_h4"", ""hard-timeout"": 0, ""idle-timeout"": 0, ""match"": {""ethernet-match"": {""ethernet-type"": {""type"": 2048}}, ""ipv4-source"": ""10.0.0.1/32"", ""ipv4-destination"": ""10.0.0.4/32""}, ""instructions"": {""instruction"": [{""order"": 0, ""apply-actions"": {""action"": [{""order"": 0, ""output-action"": {""output-node-connector"": ""4""}}]}}]}}]}","{
            ""flow-node-inventory:flow"": [
                {
                    ""id"": ""6"",
                    ""priority"": 100,
                    ""table_id"": 0,
                    ""hard-timeout"": 0,
                    ""match"": {
                        ""ethernet-match"": {
                            ""ethernet-type"": {
                                ""type"": 2048
                            }
                        },
                        ""ipv4-destination"": ""10.0.0.2/32""
                    },
                    ""flow-name"": ""to_h2_Nonvideo"",
                    ""instructions"": {
                        ""instruction"": [
                            {
                                ""order"": 0,
                                ""apply-actions"": {
                                    ""action"": [
                                        {
                                            ""order"": 0,
                                            ""output-action"": {
                                                ""output-node-connector"": ""1""
                                            }
                                        }
                                    ]
                                }
                            }
                        ]
                    },
                    ""idle-timeout"": 0
                }
            ]
        }",No,
50,"{""flow-node-inventory:flow"": [{""id"": ""1"", ""priority"": 102, ""table_id"": 0, ""flow-name"": ""h1_h4"", ""hard-timeout"": 0, ""idle-timeout"": 0, ""match"": {""ethernet-match"": {""ethernet-type"": {""type"": 2048}}, ""ipv4-source"": ""10.0.0.1/32"", ""ipv4-destination"": ""10.0.0.4/32""}, ""instructions"": {""instruction"": [{""order"": 0, ""apply-actions"": {""action"": [{""order"": 0, ""output-action"": {""output-node-connector"": ""4""}}]}}]}}]}","{
            ""flow-node-inventory:flow"": [
                {
                    ""id"": ""7"",
                    ""priority"": 110,
                    ""table_id"": 0,
                    ""hard-timeout"": 0,
                    ""match"": {
                        ""ethernet-match"": {
                            ""ethernet-type"": {
                                ""type"": 2048
                            }
                        },
                        ""ipv4-destination"": ""10.0.0.3/32""
                    },
                    ""flow-name"": ""to_h3"",
                    ""instructions"": {
                        ""instruction"": [
                            {
                                ""order"": 0,
                                ""apply-actions"": {
                                    ""action"": [
                                        {
                                            ""order"": 0,
                                            ""output-action"": {
                                                ""output-node-connector"": ""3""
                                            }
                                        }
                                    ]
                                }
                            }
                        ]
                    },
                    ""idle-timeout"": 0
                }
            ]
        }
    }",No,
51,"{
  ""id"": ""R1"",
  ""priority"": 100,
  ""table_id"": 0,
  ""flow-name"": ""redundant_general"",
  ""hard-timeout"": 0,
  ""idle-timeout"": 0,
  ""match"": {
    ""ethernet-match"": {
      ""ethernet-type"": {
        ""type"": 2048
      }
    },
    ""ipv4-source"": ""10.0.0.0/24"",
    ""ipv4-destination"": ""10.0.0.1"",
    ""ip-match"": {
      ""ip-protocol"": 6
    }
  },
  ""instructions"": {
    ""instruction"": [
      {
        ""order"": 0,
        ""apply-actions"": {
          ""action"": [
            {
              ""order"": 0,
              ""output-action"": {
                ""output-node-connector"": ""1""
              }
            }
          ]
        }
      }
    ]
  }
}
","{
  ""id"": ""R2"",
  ""priority"": 90,
  ""table_id"": 0,
  ""flow-name"": ""redundant_specific"",
  ""hard-timeout"": 0,
  ""idle-timeout"": 0,
  ""match"": {
    ""ethernet-match"": {
      ""ethernet-type"": {
        ""type"": 2048
      }
    },
    ""ipv4-source"": ""10.0.0.1/32"",
    ""ipv4-destination"": ""10.0.0.1"",
    ""ip-match"": {
      ""ip-protocol"": 6
    }
  },
  ""instructions"": {
    ""instruction"": [
      {
        ""order"": 0,
        ""apply-actions"": {
          ""action"": [
            {
              ""order"": 0,
              ""output-action"": {
                ""output-node-connector"": ""1""
              }
            }
          ]
        }
      }
    ]
  }
}",yes,Redundancy
52,"{
  ""id"": ""G1"",
  ""priority"": 80,
  ""table_id"": 0,
  ""flow-name"": ""general_allow"",
  ""hard-timeout"": 0,
  ""idle-timeout"": 0,
  ""match"": {
    ""ethernet-match"": {
      ""ethernet-type"": {
        ""type"": 2048
      }
    },
    ""ipv4-source"": ""10.0.0.0/24"",
    ""ipv4-destination"": ""10.0.0.2"",
    ""ip-match"": {
      ""ip-protocol"": 6
    }
  },
  ""instructions"": {
    ""instruction"": [
      {
        ""order"": 0,
        ""apply-actions"": {
          ""action"": [
            {
              ""order"": 0,
              ""output-action"": {
                ""output-node-connector"": ""2""
              }
            }
          ]
        }
      }
    ]
  }
}","{
  ""id"": ""G2"",
  ""priority"": 100,
  ""table_id"": 0,
  ""flow-name"": ""specific_block"",
  ""hard-timeout"": 0,
  ""idle-timeout"": 0,
  ""match"": {
    ""ethernet-match"": {
      ""ethernet-type"": {
        ""type"": 2048
      }
    },
    ""ipv4-source"": ""10.0.0.5/32"",
    ""ipv4-destination"": ""10.0.0.2"",
    ""ip-match"": {
      ""ip-protocol"": 6
    }
  },
  ""instructions"": {
    ""instruction"": [
      {
        ""order"": 0,
        ""apply-actions"": {
          ""action"": [
            {
              ""order"": 0,
              ""drop-action"": {}
            }
          ]
        }
      }
    ]
  }
}",yes,Generalization
53,"{
  ""id"": ""S1"",
  ""priority"": 150,
  ""table_id"": 0,
  ""flow-name"": ""general_block"",
  ""hard-timeout"": 0,
  ""idle-timeout"": 0,
  ""match"": {
    ""ethernet-match"": {
      ""ethernet-type"": {
        ""type"": 2048
      }
    },
    ""ipv4-source"": ""192.168.0.0/24"",
    ""ipv4-destination"": ""10.0.0.3"",
    ""ip-match"": {
      ""ip-protocol"": 6
    }
  },
  ""instructions"": {
    ""instruction"": [
      {
        ""order"": 0,
        ""apply-actions"": {
          ""action"": [
            {
              ""order"": 0,
              ""drop-action"": {}
            }
          ]
        }
      }
    ]
  }
}","{
  ""id"": ""S2"",
  ""priority"": 100,
  ""table_id"": 0,
  ""flow-name"": ""specific_forward_shadowed"",
  ""hard-timeout"": 0,
  ""idle-timeout"": 0,
  ""match"": {
    ""ethernet-match"": {
      ""ethernet-type"": {
        ""type"": 2048
      }
    },
    ""ipv4-source"": ""192.168.0.10/32"",
    ""ipv4-destination"": ""10.0.0.3"",
    ""ip-match"": {
      ""ip-protocol"": 6
    }
  },
  ""instructions"": {
    ""instruction"": [
      {
        ""order"": 0,
        ""apply-actions"": {
          ""action"": [
            {
              ""order"": 0,
              ""output-action"": {
                ""output-node-connector"": ""3""
              }
            }
          ]
        }
      }
    ]
  }
}",yes,Shadowing
54,"{
  ""id"": ""C1"",
  ""priority"": 100,
  ""table_id"": 0,
  ""flow-name"": ""correlation_general"",
  ""hard-timeout"": 0,
  ""idle-timeout"": 0,
  ""match"": {
    ""ethernet-match"": {
      ""ethernet-type"": { ""type"": 2048 }
    },
    ""ipv4-source"": ""10.0.0.0/24"",
    ""ipv4-destination"": ""10.0.0.5"",
    ""ip-match"": { ""ip-protocol"": 6 }
  },
  ""instructions"": {
    ""instruction"": [{
      ""order"": 0,
      ""apply-actions"": {
        ""action"": [{
          ""order"": 0,
          ""output-action"": { ""output-node-connector"": ""2"" }
        }]
      }
    }]
  }
}
","{
  ""id"": ""C2"",
  ""priority"": 100,
  ""table_id"": 0,
  ""flow-name"": ""correlation_specific"",
  ""hard-timeout"": 0,
  ""idle-timeout"": 0,
  ""match"": {
    ""ethernet-match"": {
      ""ethernet-type"": { ""type"": 2048 }
    },
    ""ipv4-source"": ""10.0.0.10/32"",
    ""ipv4-destination"": ""10.0.0.5"",
    ""ip-match"": { ""ip-protocol"": 6 }
  },
  ""instructions"": {
    ""instruction"": [{
      ""order"": 0,
      ""apply-actions"": {
        ""action"": [{
          ""order"": 0,
          ""drop-action"": {}
        }]
      }
    }]
  }
}",yes,Correlation
55,"{
  ""id"": ""C3"",
  ""priority"": 110,
  ""table_id"": 0,
  ""flow-name"": ""correlation_overlap_A"",
  ""hard-timeout"": 0,
  ""idle-timeout"": 0,
  ""match"": {
    ""ethernet-match"": {
      ""ethernet-type"": { ""type"": 2048 }
    },
    ""ipv4-source"": ""192.168.1.0/25"",
    ""ip-match"": { ""ip-protocol"": 6 }
  },
  ""instructions"": {
    ""instruction"": [{
      ""order"": 0,
      ""apply-actions"": {
        ""action"": [{
          ""order"": 0,
          ""drop-action"": {}
        }]
      }
    }]
  }
}","{
  ""id"": ""C4"",
  ""priority"": 100,
  ""table_id"": 0,
  ""flow-name"": ""correlation_overlap_B"",
  ""hard-timeout"": 0,
  ""idle-timeout"": 0,
  ""match"": {
    ""ethernet-match"": {
      ""ethernet-type"": { ""type"": 2048 }
    },
    ""ipv4-source"": ""192.168.1.64/26"",
    ""ip-match"": { ""ip-protocol"": 6 }
  },
  ""instructions"": {
    ""instruction"": [{
      ""order"": 0,
      ""apply-actions"": {
        ""action"": [{
          ""order"": 0,
          ""output-action"": { ""output-node-connector"": ""4"" }
        }]
      }
    }]
  }
}",yes,Correlation
56,"{
  ""id"": ""O1"",
  ""priority"": 120,
  ""table_id"": 0,
  ""flow-name"": ""overlap_A"",
  ""hard-timeout"": 0,
  ""idle-timeout"": 0,
  ""match"": {
    ""ethernet-match"": {
      ""ethernet-type"": { ""type"": 2048 }
    },
    ""ipv4-destination"": ""10.0.0.0/25"",
    ""ip-match"": { ""ip-protocol"": 6 }
  },
  ""instructions"": {
    ""instruction"": [{
      ""order"": 0,
      ""apply-actions"": {
        ""action"": [{
          ""order"": 0,
          ""output-action"": {
            ""output-node-connector"": ""2""
          }
        }]
      }
    }]
  }
}","{
  ""id"": ""O2"",
  ""priority"": 100,
  ""table_id"": 0,
  ""flow-name"": ""overlap_B"",
  ""hard-timeout"": 0,
  ""idle-timeout"": 0,
  ""match"": {
    ""ethernet-match"": {
      ""ethernet-type"": { ""type"": 2048 }
    },
    ""ipv4-destination"": ""10.0.0.64/26"",
    ""ip-match"": { ""ip-protocol"": 6 }
  },
  ""instructions"": {
    ""instruction"": [{
      ""order"": 0,
      ""apply-actions"": {
        ""action"": [{
          ""order"": 0,
          ""output-action"": {
            ""output-node-connector"": ""2""
          }
        }]
      }
    }]
  }
}",yes,Overlap
57,"{
  ""id"": ""I1"",
  ""priority"": 160,
  ""table_id"": 0,
  ""flow-name"": ""imbric_with_mac"",
  ""hard-timeout"": 0,
  ""idle-timeout"": 0,
  ""match"": {
    ""ethernet-match"": {
      ""ethernet-type"": { ""type"": 2048 },
      ""ethernet-source"": ""00:11:22:33:44:55""
    },
    ""ipv4-destination"": ""10.0.0.1"",
    ""ip-match"": {
      ""ip-protocol"": 6
    }
  },
  ""instructions"": {
    ""instruction"": [{
      ""order"": 0,
      ""apply-actions"": {
        ""action"": [{
          ""order"": 0,
          ""drop-action"": {}
        }]
      }
    }]
  }
}
","{
  ""id"": ""I2"",
  ""priority"": 160,
  ""table_id"": 0,
  ""flow-name"": ""imbric_without_mac"",
  ""hard-timeout"": 0,
  ""idle-timeout"": 0,
  ""match"": {
    ""ethernet-match"": {
      ""ethernet-type"": { ""type"": 2048 }
    },
    ""ipv4-destination"": ""10.0.0.1"",
    ""ip-match"": {
      ""ip-protocol"": 6
    }
  },
  ""instructions"": {
    ""instruction"": [{
      ""order"": 0,
      ""apply-actions"": {
        ""action"": [{
          ""order"": 0,
          ""output-action"": {
            ""output-node-connector"": ""3""
          }
        }]
      }
    }]
  }
}",yes,Imbrication
58,"{
  ""id"": ""F1"",
  ""priority"": 100,
  ""table_id"": 0,
  ""flow-name"": ""h1_to_h2"",
  ""hard-timeout"": 0,
  ""idle-timeout"": 0,
  ""match"": {
    ""ethernet-match"": {
      ""ethernet-type"": { ""type"": 2048 }
    },
    ""ipv4-source"": ""10.0.0.1"",
    ""ipv4-destination"": ""10.0.0.2"",
    ""ip-match"": { ""ip-protocol"": 6 }
  },
  ""instructions"": {
    ""instruction"": [
      {
        ""order"": 0,
        ""apply-actions"": {
          ""action"": [
            {
              ""order"": 0,
              ""output-action"": {
                ""output-node-connector"": ""2""
              }
            }
          ]
        }
      }
    ]
  }
}","{
  ""id"": ""F2"",
  ""priority"": 100,
  ""table_id"": 0,
  ""flow-name"": ""h3_to_h4"",
  ""hard-timeout"": 0,
  ""idle-timeout"": 0,
  ""match"": {
    ""ethernet-match"": {
      ""ethernet-type"": { ""type"": 2048 }
    },
    ""ipv4-source"": ""10.0.0.3"",
    ""ipv4-destination"": ""10.0.0.4"",
    ""ip-match"": { ""ip-protocol"": 6 }
  },
  ""instructions"": {
    ""instruction"": [
      {
        ""order"": 0,
        ""apply-actions"": {
          ""action"": [
            {
              ""order"": 0,
              ""output-action"": {
                ""output-node-connector"": ""4""
              }
            }
          ]
        }
      }
    ]
  }
}",no,
59,"{
  ""id"": ""F3"",
  ""priority"": 120,
  ""table_id"": 0,
  ""flow-name"": ""tcp_to_h5"",
  ""hard-timeout"": 0,
  ""idle-timeout"": 0,
  ""match"": {
    ""ethernet-match"": {
      ""ethernet-type"": { ""type"": 2048 }
    },
    ""ipv4-destination"": ""10.0.0.5"",
    ""ip-match"": { ""ip-protocol"": 6 }
  },
  ""instructions"": {
    ""instruction"": [
      {
        ""order"": 0,
        ""apply-actions"": {
          ""action"": [
            {
              ""order"": 0,
              ""output-action"": {
                ""output-node-connector"": ""5""
              }
            }
          ]
        }
      }
    ]
  }
}","{
  ""id"": ""F4"",
  ""priority"": 110,
  ""table_id"": 0,
  ""flow-name"": ""udp_to_h5"",
  ""hard-timeout"": 0,
  ""idle-timeout"": 0,
  ""match"": {
    ""ethernet-match"": {
      ""ethernet-type"": { ""type"": 2048 }
    },
    ""ipv4-destination"": ""10.0.0.5"",
    ""ip-match"": { ""ip-protocol"": 17 }
  },
  ""instructions"": {
    ""instruction"": [
      {
        ""order"": 0,
        ""apply-actions"": {
          ""action"": [
            {
              ""order"": 0,
              ""output-action"": {
                ""output-node-connector"": ""6""
              }
            }
          ]
        }
      }
    ]
  }
}",no,
60,"{
  ""id"": ""F5"",
  ""priority"": 105,
  ""table_id"": 0,
  ""flow-name"": ""inport_1_to_h6"",
  ""hard-timeout"": 0,
  ""idle-timeout"": 0,
  ""match"": {
    ""ethernet-match"": {
      ""ethernet-type"": { ""type"": 2048 }
    },
    ""in-port"": ""1"",
    ""ipv4-destination"": ""10.0.0.6"",
    ""ip-match"": { ""ip-protocol"": 6 }
  },
  ""instructions"": {
    ""instruction"": [
      {
        ""order"": 0,
        ""apply-actions"": {
          ""action"": [
            {
              ""order"": 0,
              ""output-action"": {
                ""output-node-connector"": ""6""
              }
            }
          ]
        }
      }
    ]
  }
}","{
  ""id"": ""F6"",
  ""priority"": 105,
  ""table_id"": 0,
  ""flow-name"": ""inport_2_to_h7"",
  ""hard-timeout"": 0,
  ""idle-timeout"": 0,
  ""match"": {
    ""ethernet-match"": {
      ""ethernet-type"": { ""type"": 2048 }
    },
    ""in-port"": ""2"",
    ""ipv4-destination"": ""10.0.0.7"",
    ""ip-match"": { ""ip-protocol"": 6 }
  },
  ""instructions"": {
    ""instruction"": [
      {
        ""order"": 0,
        ""apply-actions"": {
          ""action"": [
            {
              ""order"": 0,
              ""output-action"": {
                ""output-node-connector"": ""7""
              }
            }
          ]
        }
      }
    ]
  }
}",no,